Workbook

Sheet BatComp
A1: Car PHEV(35 miles) | B1: LFP | C1: LMO | D1: NMC111 | E1: NMC532 | F1: NMC622 | G1: NMC811 | H1: NMC955 | I1: NCA
A2: Active Material | B2: 0.254 | C2: 0.2906 | D2: 0.2487 | E2: 0.2353 | F2: 0.2323 | G2: 0.2257 | H2: 0.2143 | I2: 0.2238
A3: Graphite/Carbon | B3: 0.1305 | C3: 0.1147 | D3: 0.14 | E3: 0.1443 | F3: 0.1452 | G3: 0.1574 | H3: 0.1608 | I3: 0.1479
A4: Silicon | B4: 0 | C4: 0 | D4: 0 | E4: 0 | F4: 0 | G4: 0 | H4: 0 | I4: 0
A5: Binder | B5: 0.0078 | C5: 0.0083 | D5: 0.0079 | E5: 0.0077 | F5: 0.0077 | G5: 0.0078 | H5: 0.0077 | I5: 0.0076
A6: Copper | B6: 0.0872 | C6: 0.08 | D6: 0.077 | E6: 0.0789 | F6: 0.0797 | G6: 0.0855 | H6: 0.0871 | I6: 0.0818
A7: Aluminum Sheet (Automotive) | B7: 0.1211 | C7: 0.1166 | D7: 0.117 | E7: 0.1186 | F7: 0.1191 | G7: 0.1265 | H7: 0.128 | I7: 0.1201
A8: Cast Aluminum | B8: 0 | C8: 0 | D8: 0 | E8: 0 | F8: 0 | G8: 0 | H8: 0 | I8: 0
A9: Electrolyte: LiPF6 | B9: 0.0107 | C9: 0.0098 | D9: 0.0093 | E9: 0.0093 | F9: 0.0093 | G9: 0.0097 | H9: 0.0096 | I9: 0.0092
A10: Electrolyte: Ethylene Carbonate | B10: 0.0298 | C10: 0.0274 | D10: 0.026 | E10: 0.0259 | F10: 0.026 | G10: 0.027 | H10: 0.0268 | I10: 0.0257
A11: Electrolyte: Dimethyl Carbonate | B11: 0.0298 | C11: 0.0274 | D11: 0.026 | E11: 0.0259 | F11: 0.026 | G11: 0.027 | H11: 0.0268 | I11: 0.0257
A12: Plastic: Polypropylene | B12: 0.0163 | C12: 0.0157 | D12: 0.015 | E12: 0.0152 | F12: 0.0153 | G12: 0.0163 | H12: 0.0165 | I12: 0.0155
A13: Plastic: Polyethylene | B13: 0 | C13: 0 | D13: 0 | E13: 0 | F13: 0 | G13: 0 | H13: 0 | I13: 0
... A22: Energy Density(Wh/kg) | B22: 131.48 | C22: 135.63 | D22: 156.99 | E22: 161.81 | F22: 163.05 | G22: 177.59 | H22: 182.59 | I22: 165.9
A26: Car PHEV(50 miles) | B26: LFP | C26: LMO | D26: NMC111 | E26: NMC532 | F26: NMC622 | G26: NMC811 | H26: NMC955 | I26: NCA
A27: Active Material | B27: 0.2734 | C27: 0.3112 | D27: 0.2715 | E27: 0.2591 | F27: 0.256 | G27: 0.2407 | H27: 0.2301 | I27: 0.2501
A28: Graphite/Carbon | B28: 0.1403 | C28: 0.1226 | D28: 0.1525 | E28: 0.1586 | F28: 0.1598 | G28: 0.1676 | H28: 0.1724 | I28: 0.165
A29: Silicon | B29: 0 | C29: 0 | D29: 0 | E29: 0 | F29: 0 | G29: 0 | H29: 0 | I29: 0
A30: Binder | B30: 0.0084 | C30: 0.0089 | D30: 0.0087 | E30: 0.0085 | F30: 0.0085 | G30: 0.0083 | H30: 0.0082 | I30: 0.0085
A31: Copper | B31: 0.0838 | C31: 0.0795 | D31: 0.0703 | E31: 0.0694 | F31: 0.0692 | G31: 0.0679 | H31: 0.0671 | I31: 0.0679
A32: Aluminum Sheet (Automotive) | B32: 0.1204 | C32: 0.1155 | D32: 0.1151 | E32: 0.1158 | F32: 0.1159 | G32: 0.1168 | H32: 0.1173 | I32: 0.1157
A33: Cast Aluminum | B33: 0 | C33: 0 | D33: 0 | E33: 0 | F33: 0 | G33: 0 | H33: 0 | I33: 0
A34: Electrolyte: LiPF6 | B34: 0.0115 | C34: 0.0105 | D34: 0.0101 | E34: 0.01 | F34: 0.01 | G34: 0.0099 | H34: 0.0099 | I34: 0.0099
A35: Electrolyte: Ethylene Carbonate | B35: 0.0321 | C35: 0.0293 | D35: 0.0281 | E35: 0.0279 | F35: 0.0279 | G35: 0.0277 | H35: 0.0275 | I35: 0.0276
A36: Electrolyte: Dimethyl Carbonate | B36: 0.0321 | C36: 0.0293 | D36: 0.0281 | E36: 0.0279 | F36: 0.0279 | G36: 0.0277 | H36: 0.0275 | I36: 0.0276
A37: Plastic: Polypropylene | B37: 0.0172 | C37: 0.0164 | D37: 0.0153 | E37: 0.0151 | F37: 0.0151 | G37: 0.0149 | H37: 0.0148 | I37: 0.0149
A38: Plastic: Polyethylene | B38: 0 | C38: 0 | D38: 0 | E38: 0 | F38: 0 | G38: 0 | H38: 0 | I38: 0
... A47: Energy Density(Wh/kg) | B47: 141.49 | C47: 145.23 | D47: 171.26 | E47: 177.92 | F47: 179.36 | G47: 188.86 | H47: 195.41 | I47: 184.95
A51: Car EV(150 miles) | B51: LFP | C51: LMO | D51: NMC111 | E51: NMC532 | F51: NMC622 | G51: NMC811 | H51: NMC955 | I51: NCA
A52: Active Material | B52: 0.2461 | C52: 0.2803 | D52: 0.2413 | E52: 0.2302 | F52: 0.227 | G52: 0.2133 | H52: 0.2029 | I52: 0.2212
A53: Graphite/Carbon | B53: 0.1276 | C53: 0.1117 | D53: 0.1373 | E53: 0.1427 | F53: 0.1435 | G53: 0.1505 | H53: 0.154 | I53: 0.1478
A54: Silicon | B54: 0 | C54: 0 | D54: 0 | E54: 0 | F54: 0 | G54: 0 | H54: 0 | I54: 0
A55: Binder | B55: 0.0076 | C55: 0.008 | D55: 0.0077 | E55: 0.0076 | F55: 0.0076 | G55: 0.0074 | H55: 0.0073 | I55: 0.0075
A56: Copper | B56: 0.0921 | C56: 0.089 | D56: 0.0815 | E56: 0.0809 | F56: 0.0808 | G56: 0.0802 | H56: 0.08 | I56: 0.08
A57: Aluminum Sheet (Automotive) | B57: 0.1317 | C57: 0.1278 | D57: 0.1281 | E57: 0.129 | F57: 0.1293 | G57: 0.1302 | H57: 0.1312 | I57: 0.1293
A58: Cast Aluminum | B58: 0 | C58: 0 | D58: 0 | E58: 0 | F58: 0 | G58: 0 | H58: 0 | I58: 0
A59: Electrolyte: LiPF6 | B59: 0.0105 | C59: 0.0096 | D59: 0.009 | E59: 0.009 | F59: 0.0089 | G59: 0.0089 | H59: 0.0088 | I59: 0.0088
A60: Electrolyte: Ethylene Carbonate | B60: 0.0292 | C60: 0.0268 | D60: 0.0252 | E60: 0.025 | F60: 0.0249 | G60: 0.0247 | H60: 0.0244 | I60: 0.0246
A61: Electrolyte: Dimethyl Carbonate | B61: 0.0292 | C61: 0.0268 | D61: 0.0252 | E61: 0.025 | F61: 0.0249 | G61: 0.0247 | H61: 0.0244 | I61: 0.0246
A62: Plastic: Polypropylene | B62: 0.0183 | C62: 0.0177 | D62: 0.0162 | E62: 0.0161 | F62: 0.0161 | G62: 0.0159 | H62: 0.0158 | I62: 0.0158
A63: Plastic: Polyethylene | B63: 0 | C63: 0 | D63: 0 | E63: 0 | F63: 0 | G63: 0 | H63: 0 | I63: 0
... A72: Energy Density(Wh/kg) | B72: 127.44 | C72: 130.88 | D72: 152.29 | E72: 158.13 | F72: 159.09 | G72: 167.47 | H72: 172.31 | I72: 163.63
A76: Car EV(200 miles) | B76: LFP | C76: LMO | D76: NMC111 | E76: NMC532 | F76: NMC622 | G76: NMC811 | H76: NMC955 | I76: NCA
A77: Active Material | B77: 0.2584 | C77: 0.2927 | D77: 0.2541 | E77: 0.2427 | F77: 0.2393 | G77: 0.2253 | H77: 0.2146 | I77: 0.2335
A78: Graphite/Carbon | B78: 0.1338 | C78: 0.1165 | D78: 0.1443 | E78: 0.1502 | F78: 0.1511 | G78: 0.1587 | H78: 0.1626 | I78: 0.1558
A79: Silicon | B79: 0 | C79: 0 | D79: 0 | E79: 0 | F79: 0 | G79: 0 | H79: 0 | I79: 0
A80: Binder | B80: 0.008 | C80: 0.0084 | D80: 0.0081 | E80: 0.008 | F80: 0.008 | G80: 0.0078 | H80: 0.0077 | I80: 0.0079
A81: Copper | B81: 0.0906 | C81: 0.0878 | D81: 0.0786 | E81: 0.0778 | F81: 0.0777 | G81: 0.0768 | H81: 0.0764 | I81: 0.0766
A82: Aluminum Sheet (Automotive) | B82: 0.1308 | C82: 0.1269 | D82: 0.1271 | E82: 0.128 | F82: 0.1284 | G82: 0.1294 | H82: 0.1304 | I82: 0.1283
A83: Cast Aluminum | B83: 0 | C83: 0 | D83: 0 | E83: 0 | F83: 0 | G83: 0 | H83: 0 | I83: 0
A84: Electrolyte: LiPF6 | B84: 0.011 | C84: 0.0101 | D84: 0.0095 | E84: 0.0094 | F84: 0.0094 | G84: 0.0093 | H84: 0.0093 | I84: 0.0093
A85: Electrolyte: Ethylene Carbonate | B85: 0.0307 | C85: 0.0281 | D85: 0.0265 | E85: 0.0263 | F85: 0.0262 | G85: 0.0261 | H85: 0.0258 | I85: 0.026
A86: Electrolyte: Dimethyl Carbonate | B86: 0.0307 | C86: 0.0281 | D86: 0.0265 | E86: 0.0263 | F86: 0.0262 | G86: 0.0261 | H86: 0.0258 | I86: 0.026
A87: Plastic: Polypropylene | B87: 0.0189 | C87: 0.0183 | D87: 0.0167 | E87: 0.0166 | F87: 0.0166 | G87: 0.0164 | H87: 0.0163 | I87: 0.0164
A88: Plastic: Polyethylene | B88: 0 | C88: 0 | D88: 0 | E88: 0 | F88: 0 | G88: 0 | H88: 0 | I88: 0
... A97: Energy Density(Wh/kg) | B97: 133.78 | C97: 136.7 | D97: 160.33 | E97: 166.69 | F97: 167.76 | G97: 176.9 | H97: 182.24 | I97: 172.71
A101: Car EV(300 miles) | B101: LFP | C101: LMO | D101: NMC111 | E101: NMC532 | F101: NMC622 | G101: NMC811 | H101: NMC955 | I101: NCA
A102: Active Material | B102: 0.278 | C102: 0.3162 | D102: 0.28 | E102: 0.2676 | F102: 0.2655 | G102: 0.2502 | H102: 0.2389 | I102: 0.259
A103: Graphite/Carbon | B103: 0.1432 | C103: 0.1251 | D103: 0.158 | E103: 0.1646 | F103: 0.1665 | G103: 0.1751 | H103: 0.1798 | I103: 0.1717
A104: Silicon | B104: 0 | C104: 0 | D104: 0 | E104: 0 | F104: 0 | G104: 0 | H104: 0 | I104: 0
A105: Binder | B105: 0.0086 | C105: 0.009 | D105: 0.0089 | E105: 0.0088 | F105: 0.0088 | G105: 0.0087 | H105: 0.0085 | I105: 0.0088
A106: Copper | B106: 0.0977 | C106: 0.0939 | D106: 0.081 | E106: 0.0794 | F106: 0.0791 | G106: 0.0774 | H106: 0.077 | I106: 0.0774
A107: Aluminum Sheet (Automotive) | B107: 0.1263 | C107: 0.1219 | D107: 0.1203 | E107: 0.121 | F107: 0.1211 | G107: 0.122 | H107: 0.123 | I107: 0.1209
A108: Cast Aluminum | B108: 0 | C108: 0 | D108: 0 | E108: 0 | F108: 0 | G108: 0 | H108: 0 | I108: 0
A109: Electrolyte: LiPF6 | B109: 0.012 | C109: 0.011 | D109: 0.0105 | E109: 0.0104 | F109: 0.0104 | G109: 0.0103 | H109: 0.0103 | I109: 0.0103
A110: Electrolyte: Ethylene Carbonate | B110: 0.0335 | C110: 0.0307 | D110: 0.0292 | E110: 0.029 | F110: 0.029 | G110: 0.0289 | H110: 0.0286 | I110: 0.0287
A111: Electrolyte: Dimethyl Carbonate | B111: 0.0335 | C111: 0.0307 | D111: 0.0292 | E111: 0.029 | F111: 0.029 | G111: 0.0289 | H111: 0.0286 | I111: 0.0287
A112: Plastic: Polypropylene | B112: 0.0198 | C112: 0.019 | D112: 0.017 | E112: 0.0168 | F112: 0.0167 | G112: 0.0164 | H112: 0.0163 | I112: 0.0164
A113: Plastic: Polyethylene | B113: 0 | C113: 0 | D113: 0 | E113: 0 | F113: 0 | G113: 0 | H113: 0 | I113: 0
... A122: Energy Density(Wh/kg) | B122: 144.02 | C122: 147.68 | D122: 176.68 | E122: 183.83 | F122: 186.07 | G122: 196.38 | H122: 202.89 | I122: 191.57
A126: Car EV(400 miles) | B126: LFP | C126: LMO | D126: NMC111 | E126: NMC532 | F126: NMC622 | G126: NMC811 | H126: NMC955 | I126: NCA
A127: Active Material | B127: 0.2864 | C127: 0.3254 | D127: 0.2888 | E127: 0.2778 | F127: 0.2743 | G127: 0.259 | H127: 0.2488 | I127: 0.2679
A128: Graphite/Carbon | B128: 0.1474 | C128: 0.1286 | D128: 0.1628 | E128: 0.1707 | F128: 0.1719 | G128: 0.1811 | H128: 0.1871 | I128: 0.1775
A129: Silicon | B129: 0 | C129: 0 | D129: 0 | E129: 0 | F129: 0 | G129: 0 | H129: 0 | I129: 0
A130: Binder | B130: 0.0089 | C130: 0.0093 | D130: 0.0092 | E130: 0.0092 | F130: 0.0091 | G130: 0.009 | H130: 0.0089 | I130: 0.0091
A131: Copper | B131: 0.0964 | C131: 0.0927 | D131: 0.0782 | E131: 0.0763 | F131: 0.0759 | G131: 0.0738 | H131: 0.0725 | I131: 0.0739
A132: Aluminum Sheet (Automotive) | B132: 0.1272 | C132: 0.1224 | D132: 0.1208 | E132: 0.1213 | F132: 0.1216 | G132: 0.1226 | H132: 0.1233 | I132: 0.1215
A133: Cast Aluminum | B133: 0 | C133: 0 | D133: 0 | E133: 0 | F133: 0 | G133: 0 | H133: 0 | I133: 0
A134: Electrolyte: LiPF6 | B134: 0.0124 | C134: 0.0114 | D134: 0.0108 | E134: 0.0108 | F134: 0.0108 | G134: 0.0107 | H134: 0.0107 | I134: 0.0107
A135: Electrolyte: Ethylene Carbonate | B135: 0.0346 | C135: 0.0317 | D135: 0.0302 | E135: 0.0302 | F135: 0.0301 | G135: 0.0299 | H135: 0.0298 | I135: 0.0298
A136: Electrolyte: Dimethyl Carbonate | B136: 0.0346 | C136: 0.0317 | D136: 0.0302 | E136: 0.0302 | F136: 0.0301 | G136: 0.0299 | H136: 0.0298 | I136: 0.0298
A137: Plastic: Polypropylene | B137: 0.0207 | C137: 0.0198 | D137: 0.0177 | E137: 0.0174 | F137: 0.0174 | G137: 0.0171 | H137: 0.0169 | I137: 0.0171
A138: Plastic: Polyethylene | B138: 0 | C138: 0 | D138: 0 | E138: 0 | F138: 0 | G138: 0 | H138: 0 | I138: 0
... A147: Energy Density(Wh/kg) | B147: 148.37 | C147: 151.99 | D147: 182.28 | E147: 190.88 | F147: 192.29 | G147: 203.3 | H147: 211.26 | I147: 198.19
A151: SUV PHEV(35 miles) | B151: LFP | C151: LMO | D151: NMC111 | E151: NMC532 | F151: NMC622 | G151: NMC811 | H151: NMC955 | I151: NCA
A152: Active Material | B152: 0.2641 | C152: 0.3016 | D152: 0.2616 | E152: 0.2494 | F152: 0.2463 | G152: 0.2305 | H152: 0.2196 | I152: 0.2397
A153: Graphite/Carbon | B153: 0.1356 | C153: 0.119 | D153: 0.1471 | E153: 0.1528 | F153: 0.154 | G153: 0.1608 | H153: 0.1646 | I153: 0.1583
A154: Silicon | B154: 0 | C154: 0 | D154: 0 | E154: 0 | F154: 0 | G154: 0 | H154: 0 | I154: 0
A155: Binder | B155: 0.0082 | C155: 0.0086 | D155: 0.0083 | E155: 0.0082 | F155: 0.0082 | G155: 0.008 | H155: 0.0078 | I155: 0.0081
A156: Copper | B156: 0.0847 | C156: 0.078 | D156: 0.0714 | E156: 0.0706 | F156: 0.0705 | G156: 0.0704 | H156: 0.0717 | I156: 0.0704
A157: Aluminum Sheet (Automotive) | B157: 0.121 | C157: 0.1163 | D157: 0.1158 | E157: 0.1164 | F157: 0.1165 | G157: 0.1178 | H157: 0.1191 | I157: 0.1168
A158: Cast Aluminum | B158: 0 | C158: 0 | D158: 0 | E158: 0 | F158: 0 | G158: 0 | H158: 0 | I158: 0
A159: Electrolyte: LiPF6 | B159: 0.0111 | C159: 0.0102 | D159: 0.0097 | E159: 0.0096 | F159: 0.0096 | G159: 0.0095 | H159: 0.0095 | I159: 0.0095
A160: Electrolyte: Ethylene Carbonate | B160: 0.031 | C160: 0.0285 | D160: 0.0271 | E160: 0.0269 | F160: 0.0268 | G160: 0.0267 | H160: 0.0266 | I160: 0.0266
A161: Electrolyte: Dimethyl Carbonate | B161: 0.031 | C161: 0.0285 | D161: 0.0271 | E161: 0.0269 | F161: 0.0268 | G161: 0.0267 | H161: 0.0266 | I161: 0.0266
A162: Plastic: Polypropylene | B162: 0.0168 | C162: 0.0162 | D162: 0.015 | E162: 0.0148 | F162: 0.0148 | G162: 0.0148 | H162: 0.0149 | I162: 0.0147
A163: Plastic: Polyethylene | B163: 0 | C163: 0 | D163: 0 | E163: 0 | F163: 0 | G163: 0 | H163: 0 | I163: 0
... A172: Energy Density(Wh/kg) | B172: 136.66 | C172: 140.77 | D172: 165.02 | E172: 171.27 | F172: 172.62 | G172: 181 | H172: 186.69 | I172: 177.34
A176: SUV PHEV(50 miles) | B176: LFP | C176: LMO | D176: NMC111 | E176: NMC532 | F176: NMC622 | G176: NMC811 | H176: NMC955 | I176: NCA
A177: Active Material | B177: 0.2714 | C177: 0.3085 | D177: 0.2757 | E177: 0.2631 | F177: 0.26 | G177: 0.2446 | H177: 0.2339 | I177: 0.2542
...

Sheet MatComp
B1: Li | C1: Ni | D1: Co | E1: Mn | F1: Fe | G1: Al | H1: Cu | I1: Graphite | J1: Steel | K1: Plastic
A2: LFP | B2: =RMM!B2/RMM!N2 -> 0.043998327 | C2: =RMM!C2/RMM!N2 -> 0 | D2: =RMM!D2/RMM!N2 -> 0 | E2: =RMM!E2/RMM!N2 -> 0 | F2: =RMM!L2/RMM!N2 -> 0.35399604 | G2: =RMM!J2/RMM!N2 -> 0 | H2: 0 | I2: 0 | J2: 0 | K2: 0
A3: LMO | B3: =RMM!B3/RMM!N3 -> 0.038387727 | C3: =RMM!C3/RMM!N3 -> 0 | D3: =RMM!D3/RMM!N3 -> 0 | E3: =RMM!E3/RMM!N3 -> 0.60767755 | F3: =RMM!L3/RMM!N3 -> 0 | G3: =RMM!J3/RMM!N3 -> 0 | H3: 0 | I3: 0 | J3: 0 | K3: 0
A4: NMC111 | B4: =RMM!B4/RMM!N4 -> 0.071957039 | C4: =RMM!C4/RMM!N4 -> 0.20282258 | D4: =RMM!D4/RMM!N4 -> 0.20365193 | E4: =RMM!E4/RMM!N4 -> 0.1898466 | F4: =RMM!L4/RMM!N4 -> 0 | G4: =RMM!J4/RMM!N4 -> 0 | H4: 0 | I4: 0 | J4: 0 | K4: 0
A5: NMC532 | B5: =RMM!B5/RMM!N5 -> 0.071887606 | C5: =RMM!C5/RMM!N5 -> 0.3039403 | D5: =RMM!D5/RMM!N5 -> 0.12207325 | E5: =RMM!E5/RMM!N5 -> 0.17069707 | F5: =RMM!L5/RMM!N5 -> 0 | G5: =RMM!J5/RMM!N5 -> 0 | H5: 0 | I5: 0 | J5: 0 | K5: 0
A6: NMC622 | B6: =RMM!B6/RMM!N6 -> 0.071609116 | C6: =RMM!C6/RMM!N6 -> 0.36331542 | D6: =RMM!D6/RMM!N6 -> 0.12160035 | E6: =RMM!E6/RMM!N6 -> 0.1133572 | F6: =RMM!L6/RMM!N6 -> 0 | G6: =RMM!J6/RMM!N6 -> 0 | H6: 0 | I6: 0 | J6: 0 | K6: 0
A7: NMC811 | B7: =RMM!B7/RMM!N7 -> 0.071350373 | C7: =RMM!C7/RMM!N7 -> 0.48267022 | D7: =RMM!D7/RMM!N7 -> 0.060580486 | E7: =RMM!E7/RMM!N7 -> 0.056473805 | F7: =RMM!L7/RMM!N7 -> 0 | G7: =RMM!J7/RMM!N7 -> 0 | H7: 0 | I7: 0 | J7: 0 | K7: 0
A8: NMC955 | B8: =RMM!B8/RMM!N8 -> 0.071221702 | C8: =RMM!C8/RMM!N8 -> 0.54202475 | D8: =RMM!D8/RMM!N8 -> 0.030235619 | E8: =RMM!E8/RMM!N8 -> 0.028185981 | F8: =RMM!L8/RMM!N8 -> 0 | G8: =RMM!J8/RMM!N8 -> 0 | H8: 0 | I8: 0 | J8: 0 | K8: 0
A9: NCA | B9: =RMM!B9/RMM!N9 -> 0.07224004 | C9: =RMM!C9/RMM!N9 -> 0.48868862 | D9: =RMM!D9/RMM!N9 -> 0.092003795 | E9: =RMM!E9/RMM!N9 -> 0 | F9: =RMM!L9/RMM!N9 -> 0 | G9: =RMM!J9/RMM!N9 -> 0.014041066 | H9: 0 | I9: 0 | J9: 0 | K9: 0
A10: LTO | B10: =RMM!B12/RMM!$N$12 -> 0.060476555 | C10: =RMM!C12/RMM!$N$12 -> 0 | D10: =RMM!D12/RMM!$N$12 -> 0 | E10: =RMM!E12/RMM!$N$12 -> 0 | F10: =RMM!L12/RMM!$N$12 -> 0 | G10: =RMM!J12/RMM!$N$12 -> 0 | H10: 0 | I10: 0 | J10: 0 | K10: 0
A11: Graphite/Carbon | B11: 0 | C11: 0 | D11: 0 | E11: 0 | F11: 0 | G11: 0 | H11: 0 | I11: 1 | J11: 0 | K11: 0
A12: Silicon | B12: 0 | C12: 0 | D12: 0 | E12: 0 | F12: 0 | G12: 0 | H12: 0 | I12: 0 | J12: 0 | K12: 0
A13: Binder | B13: 0 | C13: 0 | D13: 0 | E13: 0 | F13: 0 | G13: 0 | H13: 0 | I13: 0 | J13: 0 | K13: 0
A14: Copper | B14: 0 | C14: 0 | D14: 0 | E14: 0 | F14: 0 | G14: 0 | H14: 1 | I14: 0 | J14: 0 | K14: 0
A15: Aluminum Sheet (Automotive) | B15: 0 | C15: 0 | D15: 0 | E15: 0 | F15: 0 | G15: 1 | H15: 0 | I15: 0 | J15: 0 | K15: 0
A16: Cast Aluminum | B16: 0 | C16: 0 | D16: 0 | E16: 0 | F16: 0 | G16: 0 | H16: 0 | I16: 0 | J16: 0 | K16: 0
A17: Electrolyte: LiPF6 | B17: 0 | C17: 0 | D17: 0 | E17: 0 | F17: 0 | G17: 0 | H17: 0 | I17: 0 | J17: 0 | K17: 0
A18: Electrolyte: Ethylene Carbonate | B18: 0 | C18: 0 | D18: 0 | E18: 0 | F18: 0 | G18: 0 | H18: 0 | I18: 0 | J18: 0 | K18: 0
A19: Electrolyte: Dimethyl Carbonate | B19: 0 | C19: 0 | D19: 0 | E19: 0 | F19: 0 | G19: 0 | H19: 0 | I19: 0 | J19: 0 | K19: 0
A20: Plastic: Polypropylene | B20: 0 | C20: 0 | D20: 0 | E20: 0 | F20: 0 | G20: 0 | H20: 0 | I20: 0 | J20: 0 | K20: 1
A21: Plastic: Polyethylene | B21: 0 | C21: 0 | D21: 0 | E21: 0 | F21: 0 | G21: 0 | H21: 0 | I21: 0 | J21: 0 | K21: 1
A22: Plastic: Polymer | B22: 0 | C22: 0 | D22: 0 | E22: 0 | F22: 0 | G22: 0 | H22: 0 | I22: 0 | J22: 0 | K22: 1
... A29: Electronic Parts | B29: 0 | C29: 0 | D29: 0 | E29: 0 | F29: 0 | G29: 0 | H29: 0 | I29: 0 | J29: 0 | K29: 0

Sheet RMM
B1: Li | C1: Ni | D1: Co | E1: Mn | F1: H | G1: C | H1: O | I1: F | J1: Al | K1: P | L1: Fe | M1: Ti | N1: Total
A2: LFP | B2: =B$14*B15 -> 6.941 | C2: =C$14*C15 -> 0 | D2: =D$14*D15 -> 0 | E2: =E$14*E15 -> 0 | F2: =F$14*F15 -> 0 | G2: =G$14*G15 -> 0 | H2: =H$14*H15 -> 63.996 | I2: =I$14*I15 -> 0 | ... M2: =M$14*M15 -> 0 | N2: =SUM(B2:L2) -> 157.756 | O2: 1
A3: LMO | B3: =B$14*B16 -> 6.941 | C3: =C$14*C16 -> 0 | D3: =D$14*D16 -> 0 | E3: =E$14*E16 -> 109.876 | F3: =F$14*F16 -> 0 | G3: =G$14*G16 -> 0 | H3: =H$14*H16 -> 63.996 | I3: =I$14*I16 -> 0 | ... M3: =M$14*M16 -> 0 | N3: =SUM(B3:L3) -> 180.813 | O3: 2
A4: NMC111 | B4: =B$14*B17 -> 6.941 | C4: =C$14*C17 -> 19.564333 | D4: =D$14*D17 -> 19.644333 | E4: =E$14*E17 -> 18.312667 | F4: =F$14*F17 -> 0 | G4: =G$14*G17 -> 0 | H4: =H$14*H17 -> 31.998 | I4: =I$14*I17 -> 0 | ... M4: =M$14*M17 -> 0 | N4: =SUM(B4:L4) -> 96.460333 | O4: 3
A5: NMC532 | B5: =B$14*B18 -> 6.941 | C5: =C$14*C18 -> 29.3465 | D5: =D$14*D18 -> 11.7866 | E5: =E$14*E18 -> 16.4814 | F5: =F$14*F18 -> 0 | G5: =G$14*G18 -> 0 | H5: =H$14*H18 -> 31.998 | I5: =I$14*I18 -> 0 | ... M5: =M$14*M18 -> 0 | N5: =SUM(B5:L5) -> 96.5535 | O5: 4
A6: NMC622 | B6: =B$14*B19 -> 6.941 | C6: =C$14*C19 -> 35.2158 | D6: =D$14*D19 -> 11.7866 | E6: =E$14*E19 -> 10.9876 | F6: =F$14*F19 -> 0 | G6: =G$14*G19 -> 0 | H6: =H$14*H19 -> 31.998 | I6: =I$14*I19 -> 0 | ... M6: =M$14*M19 -> 0 | N6: =SUM(B6:L6) -> 96.929 | O6: 5
A7: NMC811 | B7: =B$14*B20 -> 6.941 | C7: =C$14*C20 -> 46.9544 | D7: =D$14*D20 -> 5.8933 | E7: =E$14*E20 -> 5.4938 | F7: =F$14*F20 -> 0 | G7: =G$14*G20 -> 0 | H7: =H$14*H20 -> 31.998 | I7: =I$14*I20 -> 0 | ... M7: =M$14*M20 -> 0 | N7: =SUM(B7:L7) -> 97.2805 | O7: 6
A8: NMC955 | B8: =B$14*B21 -> 6.941 | C8: =C$14*C21 -> 52.8237 | D8: =D$14*D21 -> 2.94665 | E8: =E$14*E21 -> 2.7469 | F8: =F$14*F21 -> 0 | G8: =G$14*G21 -> 0 | H8: =H$14*H21 -> 31.998 | I8: =I$14*I21 -> 0 | ... M8: =M$14*M21 -> 0 | N8: =SUM(B8:L8) -> 97.45625 | O8: 7
A9: NCA | B9: =B$14*B22 -> 6.941 | C9: =C$14*C22 -> 46.9544 | D9: =D$14*D22 -> 8.83995 | E9: =E$14*E22 -> 0 | F9: =F$14*F22 -> 0 | G9: =G$14*G22 -> 0 | H9: =H$14*H22 -> 31.998 | I9: =I$14*I22 -> 0 | ... M9: =M$14*M22 -> 0 | N9: =SUM(B9:L9) -> 96.08245 | O9: 8
A10: LiPF6 | B10: =B$14*B23 -> 6.941 | C10: =C$14*C23 -> 0 | D10: =D$14*D23 -> 0 | E10: =E$14*E23 -> 0 | F10: =F$14*F23 -> 0 | G10: =G$14*G23 -> 0 | H10: =H$14*H23 -> 0 | I10: =I$14*I23 -> 113.988 | ... M10: =M$14*M23 -> 0 | N10: =SUM(B10:L10) -> 151.903 | O10: 9
A11: PVDF | B11: =B$14*B24 -> 0 | C11: =C$14*C24 -> 0 | D11: =D$14*D24 -> 0 | E11: =E$14*E24 -> 0 | F11: =F$14*F24 -> 2.016 | G11: =G$14*G24 -> 24.022 | H11: =H$14*H24 -> 0 | I11: =I$14*I24 -> 37.996 | ... M11: =M$14*M24 -> 0 | N11: =SUM(B11:L11) -> 64.034 | O11: 10
A12: LTO | B12: =B$14*B25 -> 27.764 | C12: =C$14*C25 -> 0 | D12: =D$14*D25 -> 0 | E12: =E$14*E25 -> 0 | F12: =F$14*F25 -> 0 | G12: =G$14*G25 -> 0 | H12: =H$14*H25 -> 191.988 | I12: =I$14*I25 -> 0 | ... M12: =M$14*M25 -> 239.335 | N12: =SUM(B12:M12) -> 459.087 | O12: 11
B13: 1 | C13: 2 | D13: 3 | E13: 4 | F13: 5 | G13: 6 | H13: 7 | I13: 8 | J13: 9 | K13: 10 | L13: 11 | M13: 12
B14: 6.941 | C14: 58.693 | D14: 58.933 | E14: 54.938 | F14: 1.008 | G14: 12.011 | H14: 15.999 | I14: 18.998 | J14: 26.982 | K14: 30.974 | L14: 55.845 | M14: 47.867
B15: 1 | H15: 4 | K15: 1 | L15: 1
B16: 1 | E16: 2 | H16: 4
B17: 1 | C17: 0.33333333 | D17: 0.33333333 | E17: 0.33333333 | H17: 2
B18: 1 | C18: 0.5 | D18: 0.2 | E18: 0.3 | H18: 2
B19: 1 | C19: 0.6 | D19: 0.2 | E19: 0.2 | H19: 2
B20: 1 | C20: 0.8 | D20: 0.1 | E20: 0.1 | H20: 2
B21: 1 | C21: 0.9 | D21: 0.05 | E21: 0.05 | H21: 2
B22: 1 | C22: 0.8 | D22: 0.15 | H22: 2 | J22: 0.05
B23: 1 | I23: 6 | K23: 1
F24: 2 | G24: 2 | I24: 2
B25: 4 | H25: 12 | M25: 5
